date,text,link,id_number,local_path
2/28/2020,"Oregon announces first, presumptive case of novel coronavirus",https://www.oregon.gov/oha/ERD/Pages/Oregon-First-Presumptive-Case-Novel-Coronavirus.aspx,0,releases/0__2-28-2020.html
2/29/2020,Test is negative for pending person under investigation for COVID-19,https://www.oregon.gov/oha/ERD/Pages/Test-negative-pending-person-under-investigation-COVID-19.aspx,1,releases/1__2-29-2020.html
3/1/2020,Second positive case of COVID-19 appears in Oregon,https://www.oregon.gov/oha/ERD/Pages/Second-Positive-Case-of-COVID-19-Appears-in-Oregon.aspx,2,releases/2__3-1-2020.html
3/2/2020,Oregon identifies third presumptive positive case of COVID-19,https://www.oregon.gov/oha/ERD/Pages/Oregon-identifies-third-presumptive-positive-case-of-COVID-19.aspx,3,releases/3__3-2-2020.html
3/7/2020,Four new coronavirus cases confirmed in Oregon,https://www.oregon.gov/oha/ERD/Pages/four-new-coronavirus-cases-confirmed-oregon.aspx,4,releases/4__3-7-2020.html
3/8/2020,OHA adds seven new presumptive positive cases to Oregon’s COVID-19 count,https://www.oregon.gov/oha/ERD/Pages/OHA-adds-7-new-presumptive-positive-cases-COVID-19.aspx,5,releases/5__3-8-2020.html
3/8/2020,State agencies issue COVID-19 guidance to Oregon schools and universities,https://www.oregon.gov/oha/ERD/Pages/State-agencies-issue-COVID-19-guidance-Oregon-schools-universities.aspx,6,releases/6__3-8-2020.html
3/10/2020,New guidance directs long-term care facilities to limit exposure of residents to COVID-19,https://www.oregon.gov/oha/ERD/Pages/New-guidance-long-term-care-facilities-limit-exposure-COVID-19.aspx,7,releases/7__3-10-2020.html
3/10/2020,First Multnomah County resident tests positive for COVID-19,https://www.oregon.gov/oha/ERD/Pages/first-multnomah-county-resident-tests-positive-covid-19.aspx,8,releases/8__3-10-2020.html
3/11/2020,State announces 2 new presumptive positive COVID-19 cases,https://www.oregon.gov/oha/ERD/Pages/State-announces-2-new-presumptive-positive-COVID-19-cases.aspx,9,releases/9__3-11-2020.html
3/11/2020,State announces 4 new presumptive positive COVID-19 cases,https://www.oregon.gov/oha/ERD/Pages/State-announces-4-new-presumptive-positive-COVID-19-cases.aspx,10,releases/10__3-11-2020.html
3/12/2020,Three new presumptive positive cases bring state's COVID-19 count to 24,https://www.oregon.gov/oha/ERD/Pages/3-new-presumptive-positive-cases-bring-state-COVID-19-count-to-24.aspx,11,releases/11__3-12-2020.html
3/12/2020,Six more residents of Veterans' Home in Lebanon positive for COVID-19,https://www.oregon.gov/oha/ERD/Pages/Six-more-residents-veterans-home-Lebanon-positive-COVID-19.aspx,12,releases/12__3-12-2020.html
3/14/2020,State and local officials announce first fatality from COVID-19 in Oregon,https://www.oregon.gov/oha/ERD/Pages/State-Local-Officials-Announce-First-Fatality-from-COVID-19-in-Oregon.aspx,13,releases/13__3-14-2020.html
3/14/2020,State announces 6 new presumptive positive COVID-19 cases,https://www.oregon.gov/oha/ERD/Pages/State-announces-6-new-presumptive-positive-COVID-19-cases.aspx,14,releases/14__3-14-2020.html
3/15/2020,State announces 3 new presumptive positive COVID-19 cases,https://www.oregon.gov/oha/ERD/Pages/State-announces-3-new-presumptive-positive-COVID-19-cases.aspx,15,releases/15__3-15-2020.html
3/16/2020,State announces 8 new COVID-19 cases,https://www.oregon.gov/oha/ERD/Pages/State-announces-8-new-COVID-19-cases.aspx,16,releases/16__3-16-2020.html
3/17/2020,State announces 18 new COVID-19 cases,https://www.oregon.gov/oha/ERD/Pages/State-announces-18-new-COVID-19-cases.aspx,17,releases/17__3-17-2020.html
3/18/2020,Oregon reports two more deaths in COVID-19 outbreak,https://www.oregon.gov/oha/ERD/Pages/Oregon-reports-two-more-deaths-in-COVID-19-outbreak.aspx,18,releases/18__3-18-2020.html
3/19/2020,Oregon reports 13 new COVID-19 cases; state prepares Oregon Medical Station,https://www.oregon.gov/oha/ERD/Pages/Oregon-reports-13-new-COVID-19-cases-state-prepares-Oregon-Medical-Station.aspx,19,releases/19__3-19-2020.html
3/20/2020,Oregon reports 26 new COVID-19 cases,https://www.oregon.gov/oha/ERD/Pages/Oregon-reports-26-new-COVID-19-cases.aspx,20,releases/20__3-20-2020.html
3/21/2020,"Oregon reports 1 COVID-19 death, 23 new COVID-19 cases",https://www.oregon.gov/oha/ERD/Pages/Oregon-reports-1-COVID-19-death-23-new-COVID-19-cases.aspx,21,releases/21__3-21-2020.html
3/22/2020,Oregon reports 24 new COVID-19 cases; announces funding for Local Public Health and Tribes,https://www.oregon.gov/oha/ERD/Pages/Oregon-reports-24-new-COVID-19-cases-announces-funding-for-Local-Public-Health-and-Tribes.aspx,22,releases/22__3-22-2020.html
3/23/2020,Oregon reports 30 new COVID-19 cases,https://www.oregon.gov/oha/ERD/Pages/Oregon-reports-30-new-COVID-19-cases.aspx,23,releases/23__3-23-2020.html
3/24/2020,"Oregon reports 3 new COVID-19 deaths, 18 new COVID-19 cases",https://www.oregon.gov/oha/ERD/Pages/OregonReports3NewCOVID-19Deaths18NewCOVID-19Cases.aspx,24,releases/24__3-24-2020.html
3/25/2020,"Oregon reports 2 new COVID-19 deaths, 57 new COVID-19 cases",https://www.oregon.gov/oha/ERD/Pages/Oregon-reports-2-new-COVID-19-deaths-57-new-COVID-19-cases.aspx,25,releases/25__3-25-2020.html
3/26/2020,Oregon releases health care system action plan to fight COVID-19,https://www.oregon.gov/oha/ERD/Pages/Oregon-releases-health-care-system-action-plan-to-fight-COVID-19.aspx,26,releases/26__3-26-2020.html
3/26/2020,"Oregon reports 1 new COVID-19 death, 50 new COVID-19 cases",https://www.oregon.gov/oha/ERD/Pages/Oregon-reports-1-new-COVID-19-death-50-new-COVID-19-cases.aspx,27,releases/27__3-26-2020.html
3/27/2020,"Oregon reports 1 COVID-19 death, 98 new COVID-19 cases",https://www.oregon.gov/oha/ERD/Pages/OregonReports1COVID19Death98NewCOVID19Cases.aspx,28,releases/28__3-27-2020.html
3/28/2020,"Oregon reports 13th COVID-19 death, 65 new COVID-19 cases",https://www.oregon.gov/oha/ERD/Pages/Oregon-reports-13th-COVID-19-death-65-new-COVID-19-cases.aspx,29,releases/29__3-28-2020.html
3/29/2020,Oregon reports 69 new COVID-19 cases,https://www.oregon.gov/oha/ERD/Pages/Oregon-reports-69-new-COVID-19-cases.aspx,30,releases/30__3-29-2020.html
3/30/2020,"Oregon reports 3 new COVID-19 deaths, 58 new COVID-19 cases",https://www.oregon.gov/oha/ERD/Pages/OregonReports3NewCOVID19Deaths58NewCOVID19Cases.aspx,31,releases/31__3-30-2020.html
3/31/2020,"Oregon reports 2 new COVID-19 deaths, 84 new COVID-19 cases; OHA gains flexibility in its Medicaid program to better serve low-income Oregonians during COVID-19 pandemic",https://www.oregon.gov/oha/ERD/Pages/Oregon-reports-2-new-COVID-19-deaths-84-new-COVID-19-cases.aspx,32,releases/32__3-31-2020.html
4/1/2020,"Oregon reports 1 new COVID-19 death, 47 new COVID-19 cases; Latest COVID-19 projections show social distancing can cut coronavirus infections if Oregonians keep current measures in place into May",https://www.oregon.gov/oha/ERD/Pages/Oregon-reports-1-new-COVID-19-death-47-new-COVID-19-cases.aspx,33,releases/33__4-1-2020.html
4/2/2020,"Oregon reports 2 new COVID-19 deaths, 90 new COVID-19 cases",https://www.oregon.gov/oha/ERD/Pages/Oregon-reports-2-new-COVID-19-deaths-90-new-COVID-19-cases.aspx,34,releases/34__4-2-2020.html
4/3/2020,"Oregon reports 1 new COVID-19 death, 73 new COVID-19 cases",https://www.oregon.gov/oha/ERD/Pages/OregonReports1NewCOVID19Death73NewCOVID19Cases.aspx,35,releases/35__4-3-2020.html
4/4/2020,"Oregon reports 4 new COVID-19 deaths, 100 new COVID-19 cases",https://www.oregon.gov/oha/ERD/pages/Oregon-reports-4-new-COVID-19-deaths-100-new-COVID-19-cases.aspx,36,releases/36__4-4-2020.html
4/5/2020,"Oregon reports 1 new COVID-19 death, 69 new COVID-19 cases",https://www.oregon.gov/oha/ERD/Pages/Oregon-reports-1-new-COVID-19-death-69-new-COVID-19-cases.aspx,37,releases/37__4-5-2020.html
4/6/2020,"Oregon reports 2 new COVID-19 deaths, 64 new COVID-19 cases",https://www.oregon.gov/oha/ERD/Pages/Oregon-reports-2-new-COVID-19-deaths-64-new-COVID-19-cases.aspx,38,releases/38__4-6-2020.html
4/7/2020,"Oregon reports 4 new COVID-19 deaths, 49 new COVID-19 cases",https://www.oregon.gov/oha/ERD/Pages/Oregon-reports-4-new-COVID-19-deaths-49-new-COVID-19-cases.aspx,39,releases/39__4-7-2020.html
4/8/2020,"Oregon reports 5 new COVID-19 deaths, 58 new COVID-19 cases",https://www.oregon.gov/oha/ERD/Pages/Oregon-reports-5-new-COVID-19-deaths-58-new-COVID-19-cases.aspx,40,releases/40__4-8-2020.html
4/9/2020,"Oregon reports 6 new COVID-19 deaths, 83 new COVID-19 cases",https://www.oregon.gov/oha/ERD/Pages/Oregon-reports-6-new-COVID-19-deaths-83-new-COVID-19-cases.aspx,41,releases/41__4-9-2020.html
4/10/2020,"Oregon reports 4 new COVID-19 deaths, 51 new COVID-19 cases",https://www.oregon.gov/oha/ERD/Pages/OregonReports4NewCOVID19Deaths51NewCOVID19Cases.aspx,42,releases/42__4-10-2020.html
4/11/2020,"Oregon COVID-19 infections projected to remain level into May, stay within current hospital capacity, if Oregonians continue social distancing",https://www.oregon.gov/oha/ERD/Pages/Oregon-COVID-19-infections-projected-remain-level-into-May-stay-within-current-hospital-capacity.aspx,43,releases/43__4-11-2020.html
4/11/2020,"Oregon reports 3 new COVID-19 deaths, 76 new COVID-19 cases",https://www.oregon.gov/oha/ERD/Pages/Oregon-reports-3-new-COVID-19-deaths-76-new-COVID-19-cases.aspx,44,releases/44__4-11-2020.html
4/12/2020,"Oregon reports 1 new COVID-19 death, 80 new COVID-19 cases",https://www.oregon.gov/oha/ERD/Pages/Oregon-reports-1-new-COVID-19-death-80-new-COVID-19-cases.aspx,45,releases/45__4-12-2020.html
4/13/2020,"Oregon reports 1 new COVID-19 death, 57 new COVID-19 cases",https://www.oregon.gov/oha/ERD/Pages/Oregon-reports-1-new-COVID-19-death-57-new-COVID-19-cases.aspx,46,releases/46__4-13-2020.html
4/14/2020,"Oregon reports 2 new COVID-19 deaths, 50 new COVID-19 cases",https://www.oregon.gov/oha/ERD/Pages/Oregon-reports-2-new-COVID-19-deaths-50-new-COVID-19-cases.aspx,47,releases/47__4-14-2020.html
4/14/2020,"Weekly Epidemiological Report highlights latest COVID-19 data, including outbreaks in Long-term care facilities",https://www.oregon.gov/oha/ERD/Pages/Weekly-Epidemiological-Report-highlights-latest-COVID-19-data-including-outbreaks-in-Long-term-care-facilities.aspx,48,releases/48__4-14-2020.html
4/15/2020,"Oregon reports 3 new COVID-19 deaths, 33 new COVID-19 cases",https://www.oregon.gov/oha/ERD/Pages/Oregon-reports-3-new-COVID-19-deaths-33-new-COVID-19-cases.aspx,49,releases/49__4-15-2020.html
4/16/2020,"Oregon reports 6 new COVID-19 deaths, 73 new COVID-19 cases",https://www.oregon.gov/oha/ERD/Pages/Oregon-reports-6-new-COVID-19-deaths-73-new-COVID-19-cases.aspx,50,releases/50__4-16-2020.html
4/17/2020,"Oregon reports 6 new COVID-19 deaths, 49 new COVID-19 cases",https://www.oregon.gov/oha/ERD/Pages/OregonReports6NewCOVID19Deaths49NewCOVID19Cases.aspx,51,releases/51__4-17-2020.html
4/18/2020,"Oregon reports 2 new COVID-19 deaths, 59 new COVID-19 cases",https://www.oregon.gov/oha/ERD/Pages/Oregon-reports-2-new-COVID-19-deaths-59-new-COVID-19-cases.aspx,52,releases/52__4-18-2020.html
4/19/2020,"Oregon reports 2 new COVID-19 deaths, 66 new COVID-19 cases",https://www.oregon.gov/oha/ERD/pages/Oregon-reports-2-new-COVID-19-deaths-66-new-COVID-19-cases.aspx,53,releases/53__4-19-2020.html
4/20/2020,"Oregon reports 1 new COVID-19 death, 47 new COVID-19 cases",https://www.oregon.gov/oha/ERD/Pages/Oregonreports-1-new-COVID-19-death-47-new-COVID-19-cases.aspx,54,releases/54__4-20-2020.html
4/21/2020,"OHA revises testing guidelines to prioritize underserved populations and all frontline workers, allows testing for people without symptoms",https://www.oregon.gov/oha/ERD/Pages/OHA-revises-COVID-19-testing-guidelines.aspx,55,releases/55__4-21-2020.html
4/21/2020,"Oregon reports 3 new COVID-19 deaths, 46 new COVID-19 cases; data presents snapshot of COVID-19 in Oregon; new tobacco prevention campaign launches; Spanish Facebook page launches with health content",https://www.oregon.gov/oha/ERD/Pages/Oregon-reports-3-new-COVID-19-deaths-46-new-COVID-19-cases.aspx,56,releases/56__4-21-2020.html
4/22/2020,Oregon reports 57 new COVID-19 cases; no new deaths,https://www.oregon.gov/oha/ERD/Pages/Oregon-reports-57-new-COVID-19-cases-no-new-deaths.aspx,57,releases/57__4-22-2020.html
4/23/2020,Oregon reports 68 new COVID-19 cases; 5 new deaths,https://www.oregon.gov/oha/ERD/Pages/Oregon-reports-68-new-COVID-19-cases-5-new-deaths.aspx,58,releases/58__4-23-2020.html
4/24/2020,"Oregon reports 51 new COVID-19 cases, 3 new deaths",https://www.oregon.gov/oha/ERD/Pages/OregonReports51NewCOVID19Cases3NewDeaths.aspx,59,releases/59__4-24-2020.html
4/25/2020,"Oregon reports 76 new COVID-19 cases, 1 new death",https://www.oregon.gov/oha/ERD/Pages/Oregon-reports-1-COVID-19-death-76-new-COVID-19-cases.aspx,60,releases/60__4-25-2020.html
4/26/2020,Oregon reports 58 new COVID-19 cases 4 new deaths,https://www.oregon.gov/oha/ERD/Pages/Oregon-reports-58-new-COVID-19-cases-4-new-deaths.aspx,61,releases/61__4-26-2020.html
4/27/2020,"Oregon reports one new COVID-19 death, 43 new COVID-19 cases",https://www.oregon.gov/oha/ERD/Pages/Oregon-reports-one-new-COVID-19-death-43-new-COVID-19-cases.aspx,62,releases/62__4-27-2020.html
4/28/2020,"Oregon reports 7 new COVID-19 death, 31 new COVID-19 cases",https://www.oregon.gov/oha/ERD/Pages/Oregon-reports-7-new-COVID-19-death-31-new-COVID-19-cases.aspx,63,releases/63__4-28-2020.html
4/29/2020,"Oregon reports two new COVID-19 deaths, 61 new COVID-19 cases",https://www.oregon.gov/oha/ERD/Pages/Oregon-reports-two-new-COVID-19-deaths-61-new-COVID-19-cases.aspx,64,releases/64__4-29-2020.html
4/30/2020,"Oregon reports two new COVID-19 deaths, 64 new COVID-19 cases",https://www.oregon.gov/oha/ERD/Pages/Oregon-reports-two-new-COVID-19-deaths-64-new-COVID-19-cases.aspx,65,releases/65__4-30-2020.html
5/1/2020,"Oregon reports 69 new COVID-19 cases, one new death",https://www.oregon.gov/oha/ERD/Pages/OregonReports69NewCOVID19CasesOneNewDeath.aspx,66,releases/66__5-1-2020.html
5/2/2020,"Oregon reports 57 new COVID-19 cases, five new deaths",https://www.oregon.gov/oha/ERD/Pages/Oregon-reports-57-new-COVID-19-cases-five-new-deaths.aspx,67,releases/67__5-2-2020.html
5/3/2020,"Oregon reports 45 new COVID-19 cases, 0 new deaths",https://www.oregon.gov/oha/ERD/Pages/Oregon-reports-45-new-COVID-19-cases-0-new-deaths.aspx,68,releases/68__5-3-2020.html
5/4/2020,"Oregon reports 65 confirmed COVID-19 cases, 14 presumptive cases, no deaths",https://www.oregon.gov/oha/ERD/Pages/Oregon-reports-65-confirmed-COVID-19-cases-14-presumptive-cases-no-deaths.aspx,69,releases/69__5-4-2020.html
5/5/2020,"Oregon reports 72 new confirmed COVID-19 cases, eight new presumptive cases, four new deaths",https://www.oregon.gov/oha/ERD/Pages/Oregon-reports-72-new-confirmed-COVID-19-cases-eight-new-presumptive-cases-four-new-deaths.aspx,70,releases/70__5-5-2020.html
5/6/2020,"Oregon reports 70 new confirmed COVID-19 cases, 7 new presumptive cases, 2 new deaths",https://www.oregon.gov/oha/ERD/Pages/Oregon-reports-70-new-confirmed-COVID-19-cases-7-new-presumptive-cases-2-new-deaths.aspx,71,releases/71__5-6-2020.html
5/7/2020,"Oregon reports 70 new confirmed COVID-19 cases, 3 new presumptive cases, 6 new deaths",https://www.oregon.gov/oha/ERD/Pages/Oregon-reports-70-new-confirmed-COVID-19-cases-3-new-presumptive-cases-6-new-deaths.aspx,72,releases/72__5-7-2020.html
5/8/2020,"Oregon reports 75 new confirmed COVID-19 cases, 5 new presumptive cases, 3 new deaths",https://www.oregon.gov/oha/ERD/Pages/OregonReports75NewConfirmedCOVID19Cases5NewPresumptiveCases3NewDeaths.aspx,73,releases/73__5-8-2020.html
5/8/2020,Oregon sees drop in immunizations during COVID-19 crisis,https://www.oregon.gov/oha/ERD/Pages/OregonSeesDropInImmunizationsDuringCOVID19Crisis.aspx,74,releases/74__5-8-2020.html
5/9/2020,FDA guidance restricts use of KN95 respirators,https://www.oregon.gov/oha/ERD/Pages/FDA-guidance-restricts-use-of-KN95-respirators.aspx,75,releases/75__5-9-2020.html
5/9/2020,"Oregon reports 79 new confirmed COVID-19 cases, 13 new presumptive cases, 3 new deaths","https://www.oregon.gov/oha/ERD/Pages/Oregon-reports-79-new-confirmed-COVID-19-cases,-13-new-presumptive-cases,-3-new-deaths.aspx",76,releases/76__5-9-2020.html
5/10/2020,"Oregon reports 60 new confirmed COVID-19 cases, 8 new presumptive cases, 0 new deaths",https://www.oregon.gov/oha/ERD/Pages/Oregon-reports-60-new-confirmed-COVID-19-cases-8-new-presumptive-cases-0-new-deaths.aspx,77,releases/77__5-10-2020.html
5/11/2020,"Oregon reports 51 new confirmed COVID-19 cases, 7 new presumptive cases, 3 new deaths",https://www.oregon.gov/oha/ERD/Pages/Oregon-reports-51-new-confirmed-COVID-19-cases-7-new-presumptive-cases-3-new-deaths.aspx,78,releases/78__5-11-2020.html
5/12/2020,OHA Announces Distribution of Additional COVID-19 Rapid Testing Instruments,https://www.oregon.gov/oha/ERD/Pages/OHA-Announces-Distribution-of-Additional-COVID-19-Rapid-Testing-Instruments.aspx,79,releases/79__5-12-2020.html
5/12/2020,"Oregon reports 61 new confirmed COVID-19 cases, 11 new presumptive cases, 0 new deaths; Weekly Report presents snapshot of COVID-19 in Oregon",https://www.oregon.gov/oha/ERD/Pages/Oregon-reports-61-new-confirmed-COVID-19-cases-11-new-presumptive-cases-0-new-deaths.aspx,80,releases/80__5-12-2020.html
5/13/2020,OHA announces 1st case of COVID-19-linked pediatric condition,https://www.oregon.gov/oha/ERD/Pages/OHA-announces-1st-case-of-COVID-19-linked-pediatric-condition.aspx,81,releases/81__5-13-2020.html
5/13/2020,OHA seeks to grow registry of health care volunteers to support COVID-19 response and long-term resilience,https://www.oregon.gov/oha/ERD/Pages/OHA-seeks-to-grow-registry-of-health-care-volunteers-to-support-COVID-19-response-and-long-term-resilience.aspx,82,releases/82__5-13-2020.html
5/13/2020,"Oregon reports 55 new confirmed COVID-19 cases, 4 new presumptive cases, 4 new deaths",https://www.oregon.gov/oha/ERD/Pages/Oregon-reports-55-new-confirmed-COVID-19-cases-4-new-presumptive-cases-4-new-deaths.aspx,83,releases/83__5-13-2020.html
5/14/2020,"Oregon reports 67 new confirmed COVID-19 cases, no new presumptive cases, 3 new deaths",https://www.oregon.gov/oha/ERD/Pages/Oregon-reports-67-new-confirmed-COVID-19-cases-no-new-presumptive-cases-3-new-deaths.aspx,84,releases/84__5-14-2020.html
5/15/2020,"Oregon reports 63 new confirmed COVID-19 cases, 1 new presumptive case, no new deaths","https://www.oregon.gov/oha/ERD/Pages/Oregon-reports-63-new-confirmed-COVID-19-cases,-1-new-presumptive-case,-no-new-deaths.aspx",85,releases/85__5-15-2020.html
5/15/2020,"Oregon reports 63 new confirmed COVID-19 cases, 1 new presumptive case, no new deaths",https://www.oregon.gov/oha/ERD/Pages/OregonReports63NewConfirmedCOVID19Cases1NewPresumptiveCaseNoNewDeaths.aspx,86,releases/86__5-15-2020.html
5/16/2020,"Oregon reports 64 new confirmed COVID-19 cases, 7 new presumptive cases, no new deaths",https://www.oregon.gov/oha/ERD/Pages/Oregon-reports-64-new-confirmed-COVID-19-cases-7-new-presumptive-cases-no-new-deaths.aspx,87,releases/87__5-16-2020.html
5/17/2020,OHA to distribute remdesivir to hospitals statewide,https://www.oregon.gov/oha/ERD/Pages/OHA-to-distribute-remdesivir-to-hospitals-statewide.aspx,88,releases/88__5-17-2020.html
5/17/2020,"Oregon reports 9 new confirmed COVID-19 cases, 3 new presumptive cases, no new deaths","https://www.oregon.gov/oha/ERD/Pages/Oregon-reports-9-new-confirmed-COVID-19-cases,-3-new-presumptive-cases,-no-new-deaths.aspx",89,releases/89__5-17-2020.html
5/18/2020,"Oregon reports 62 new confirmed COVID-19 cases, 2 new presumptive cases, 1 new death",https://www.oregon.gov/oha/ERD/Pages/Oregon-reports-62-new-confirmed-COVID-19-cases-2-new-presumptive-cases-1-new-death.aspx,90,releases/90__5-18-2020.html
5/19/2020,"Oregon reports 33 new confirmed COVID-19 cases, 8 new presumptive cases, 2 new deaths",https://www.oregon.gov/oha/ERD/Pages/Oregon-reports-33-new-confirmed-COVID-19-cases-8-new-presumptive-cases-2-new-deaths.aspx,91,releases/91__5-19-2020.html
5/20/2020,"Oregon reports 65 new confirmed COVID-19 cases, 10 new presumptive cases, 4 new deaths",https://www.oregon.gov/oha/ERD/Pages/OregonReports65NewConfirmedCOVID19Cases10NewPresumptiveCases4NewDeaths.aspx,92,releases/92__5-20-2020.html
5/21/2020,OHA corrects weekly report data,https://www.oregon.gov/oha/ERD/Pages/OHA-corrects-weekly-report-data.aspx,93,releases/93__5-21-2020.html
5/21/2020,"Oregon reports 24 new confirmed COVID-19 cases, 0 new presumptive cases, 1 new death","https://www.oregon.gov/oha/ERD/Pages/Oregon-reports-24-new-confirmed-COVID-19-cases,-0-new-presumptive-cases,-1-new-death.aspx",94,releases/94__5-21-2020.html
5/22/2020,"Oregon reports 45 new confirmed COVID-19 cases, 3 new presumptive cases, 2 new deaths",https://www.oregon.gov/oha/ERD/Pages/OregonReports45NewConfirmedCOVID19Cases3NewPresumptiveCases2NewDeaths.aspx,95,releases/95__5-22-2020.html
5/23/2020,"Oregon reports 28 new confirmed COVID-19 cases, 7 new presumptive cases, 0 new deaths",https://www.oregon.gov/oha/ERD/Pages/Oregon-reports-28-new-confirmed-COVID-19-cases-7-new-presumptive-cases-0-new-deaths.aspx,96,releases/96__5-23-2020.html
5/24/2020,"Oregon reports 43 new confirmed COVID-19 cases, 3 new presumptive cases, 1 new death",https://www.oregon.gov/oha/ERD/Pages/Oregon-reports-43-new-confirmed-COVID-19-cases-3-new-presumptive-cases-1-new-death.aspx,97,releases/97__5-24-2020.html
5/25/2020,"Oregon reports 19 new confirmed COVID-19 cases, 4 new presumptive cases, 0 new deaths","https://www.oregon.gov/oha/ERD/Pages/Oregon-reports-19-new-confirmed-COVID-19-cases,-4-new-presumptive-cases,-0-new-deaths.aspx",98,releases/98__5-25-2020.html
5/26/2020,"Oregon reports 18 new confirmed COVID-19 cases, 1 new presumptive case, 0 new deaths","https://www.oregon.gov/oha/ERD/Pages/Oregon-reports-18-new-confirmed-COVID-19-cases,-1-new-presumptive-case,-0-new-deaths.aspx",99,releases/99__5-26-2020.html
5/27/2020,"Oregon reports 71 new confirmed and presumptive COVID-19 cases, no new deaths",https://www.oregon.gov/oha/ERD/Pages/Oregon-reports-71-new-confirmed-and-presumptive-COVID-19-cases-no-new-deaths.aspx,100,releases/100__5-27-2020.html
5/28/2020,OHA partnering with multiple agencies to investigate COVID-19 outbreak at two Townsend Farms sites,https://www.oregon.gov/oha/ERD/Pages/OHA-partnering-with-multiple-agencies-to-investigate-COVID-19-outbreak-at-two-Townsend-Farms-sites.aspx,101,releases/101__5-28-2020.html
5/28/2020,OHA to take on role of reporting of large COVID-19 workplace outbreaks,https://www.oregon.gov/oha/ERD/Pages/OHA-reporting-large-COVID-19-workplace-outbreaks.aspx,102,releases/102__5-28-2020.html
5/28/2020,"Oregon reports 49 new confirmed and presumptive COVID-19 cases, 3 new deaths","https://www.oregon.gov/oha/ERD/Pages/Oregon-reports-49-new-confirmed-and-presumptive-COVID-19-cases,-3-new-deaths.aspx",103,releases/103__5-28-2020.html
5/29/2020,"Oregon reports 48 new confirmed and presumptive COVID-19 cases, no new deaths",https://www.oregon.gov/oha/ERD/Pages/OregonReports48NewConfirmedAndPresumptiveCOVID19CasesNoNewDeaths.aspx,104,releases/104__5-29-2020.html
5/30/2020,Oregon reports 55 new confirmed and presumptive COVID-19 cases 2 new deaths,http://oregon.gov/oha/ERD/Pages/Oregon-reports-55-new-confirmed-presumptive-COVID-19-cases-2-new-deaths.aspx,105,releases/105__5-30-2020.html
5/31/2020,Oregon reports 58 new confirmed and presumptive COVID-19 cases and no new deaths,http://oregon.gov/oha/ERD/Pages/Oregon-reports-58-new-confirmed-presumptive-COVID-19-cases-no-new-deaths.aspx,106,releases/106__5-31-2020.html
6/1/2020,"Oregon reports 59 new confirmed and presumptive COVID-19 cases, 1 new death",https://www.oregon.gov/oha/ERD/Pages/Oregon-reports-59-new-confirmed-and-presumptive-COVID-19-cases-1-new-death.aspx,107,releases/107__6-1-2020.html
6/2/2020,"Oregon reports 33 new confirmed and presumptive COVID-19 cases, 3 new deaths",https://www.oregon.gov/oha/ERD/Pages/Oregon-reports-33-new-confirmed-and-presumptive-COVID-19-cases-3-new-deaths.aspx,108,releases/108__6-2-2020.html
6/3/2020,"Oregon reports 65 new confirmed and presumptive COVID-19 cases, 2 new deaths",https://www.oregon.gov/oha/ERD/Pages/Oregon-reports-65-new-confirmed-and-presumptive-COVID-19-cases-2-new-deaths.aspx,109,releases/109__6-3-2020.html
6/4/2020,"Oregon reports 76 new confirmed and presumptive COVID-19 cases, no new deaths",https://www.oregon.gov/oha/ERD/Pages/Oregon-reports-76-new-confirmed-and-presumptive-COVID-19-cases-no-new-deaths.aspx,110,releases/110__6-4-2020.html
6/5/2020,"Oregon reports 97 new confirmed and presumptive COVID-19 cases, 2 new deaths",https://www.oregon.gov/oha/ERD/Pages/Oregonreports97NewConfirmedAndPresumptiveCOVID19Cases2NewDeaths.aspx,111,releases/111__6-5-2020.html
6/6/2020,"Oregon reports 93 new COVID-19 cases, 2 new deaths",https://www.oregon.gov/oha/ERD/Pages/Oregon-reports-93-new-COVID-19-cases-2-new-deaths.aspx,112,releases/112__6-6-2020.html
6/7/2020,"Oregon reports 146 new confirmed and presumptive COVID-19 cases, 1 new death",https://www.oregon.gov/oha/ERD/Pages/Oregon-reports-146-new-confirmed-and-presumptive-COVID-19-cases-1-new-death.aspx,113,releases/113__6-7-2020.html
6/8/2020,"Oregon reports 114 new confirmed and presumptive COVID-19 cases, 0 new deaths",https://www.oregon.gov/oha/ERD/Pages/Oregon-reports-114-new-confirmed-and-presumptive-COVID-19-cases-0-new-deaths.aspx,114,releases/114__6-8-2020.html
6/9/2020,"Oregon reports 70 new confirmed and presumptive COVID-19 cases, 5 new deaths",https://www.oregon.gov/oha/ERD/Pages/Oregon-reports-70-new-confirmed-and-presumptive-COVID-19-cases-5-new-deaths.aspx,115,releases/115__6-9-2020.html
6/10/2020,"Oregon reports 72 new confirmed and presumptive COVID-19 cases, 0 new deaths",https://www.oregon.gov/oha/ERD/Pages/Oregon-reports-72-new-confirmed-and-presumptive-COVID-19-cases-0-new-deaths.aspx,116,releases/116__6-10-2020.html
6/11/2020,"Oregon reports 178 new confirmed and presumptive COVID-19 cases, 2 new deaths",https://www.oregon.gov/oha/ERD/Pages/Oregon-reports-178-new-confirmed-and-presumptive-COVID-19-cases-2-new-deaths.aspx,117,releases/117__6-11-2020.html
6/12/2020,"Oregon reports 142 new confirmed and presumptive COVID-19 cases, 2 new deaths",https://www.oregon.gov/oha/ERD/Pages/Oregon-reports-142-new-confirmed-and-presumptive-COVID-19-cases-2-new-deaths.aspx,118,releases/118__6-12-2020.html
6/13/2020,Oregon reports 158 new confirmed presumptive COVID-19 cases 1 new death,https://www.oregon.gov/oha/ERD/Pages/Oregon-reports-158-new-confirmed-presumptive-COVID-19-cases-1-new-death.aspx,119,releases/119__6-13-2020.html
6/14/2020,"Oregon reports 101 new confirmed and presumptive COVID-19 cases, 2 new deaths",https://www.oregon.gov/oha/ERD/Pages/Oregon-reports-101-new-confirmed-presumptive-COVID-19-cases-2-new-deaths.aspx,120,releases/120__6-14-2020.html
6/15/2020,"DHS, OHA introduce COVID-19 testing plan for long-term care facilities",https://www.oregon.gov/oha/ERD/Pages/DHS-OHA-introduce-COVID-19-testing-plan-for-long-term-care-facilities.aspx,121,releases/121__6-15-2020.html
6/15/2020,"Oregon reports 184 new confirmed and presumptive COVID-19 cases, 4 new deaths",https://www.oregon.gov/oha/ERD/Pages/Oregon-reports-184-new-confirmed-and-presumptive-COVID-19-cases-4-new-deaths.aspx,122,releases/122__6-15-2020.html
6/16/2020,"Oregon reports 278 new confirmed and presumptive COVID-19 cases, 2 new deaths",https://www.oregon.gov/oha/ERD/Pages/Oregon-reports-278-new-confirmed-and-presumptive-COVID-19-cases-2-new-deaths.aspx,123,releases/123__6-16-2020.html
6/17/2020,"Oregon reports 122 new confirmed and presumptive COVID-19 cases, 1 new death",https://www.oregon.gov/oha/ERD/Pages/Oregon-reports-122-new-confirmed-and-presumptive-COVID-19-cases-1-new-death.aspx,124,releases/124__6-17-2020.html
6/18/2020,"Oregon reports 148 new confirmed and presumptive COVID-19 cases, 4 new deaths",https://www.oregon.gov/oha/ERD/Pages/Oregon-reports-148-new-confirmed-and-presumptive-COVID-19-cases-4-new-deaths.aspx,125,releases/125__6-18-2020.html
6/18/2020,"Oregon reports 148 new confirmed and presumptive COVID-19 cases, 4 new deaths",https://www.oregon.gov/oha/ERD/Pages/OregonReports148NewConfirmedAndPresumptiveCOVID19Cases4NewDeaths.aspx,126,releases/126__6-18-2020.html
6/19/2020,"Oregon reports 206 new confirmed and presumptive COVID-19 cases, 1 new death",https://www.oregon.gov/oha/ERD/Pages/OregonReports206NewConfirmedAndPresumptiveCOVID19Cases1NewDeath.aspx,127,releases/127__6-19-2020.html
6/20/2020,"Oregon reports 178 new confirmed and presumptive COVID-19 cases, 1 new death",https://www.oregon.gov/oha/ERD/pages/Oregon-reports-178-new-confirmed-and-presumptive-COVID-19-cases-1-new-death.aspx,128,releases/128__6-20-2020.html
6/21/2020,"Oregon reports 190 new confirmed and presumptive COVID-19 cases, 1 new death",https://www.oregon.gov/oha/ERD/pages/Oregon-reports-190-new-confirmed-and-presumptive-COVID-19-cases-1-new-death.aspx,129,releases/129__6-21-2020.html
6/22/2020,Oregon reports 146 new confirmed and presumptive COVID-19 cases 2 new deaths,http://oregon.gov/oha/ERD/Pages/Oregon-reports-146-new-confirmed-and-presumptive-COVID-19-cases-2-new-deaths.aspx,130,releases/130__6-22-2020.html
6/23/2020,OHA Releases Updated Statewide Contact Tracing Staffing,http://oregon.gov/oha/ERD/Pages/OHA-Releases-Updated-Statewide-Contact-Tracing-Staffing.aspx,131,releases/131__6-23-2020.html
6/23/2020,OHA publica personal actualizado del rastreo de contacto a nivel estatal,http://oregon.gov/oha/ERD/Pages/OHA-publica-personal-actualizado-del-rastreo-de-contacto-a-nivel-estatal.aspx,132,releases/132__6-23-2020.html
6/23/2020,"Oregon reports 191 new confirmed and presumptive COVID-19 cases, 0 new deaths","http://oregon.gov/oha/erd/pages/Oregon-reports-191-new-confirmed-and-presumptive-COVID-19-cases,-0-new-deaths.aspx",133,releases/133__6-23-2020.html
6/24/2020,"Oregon reports 171 new confirmed and presumptive COVID-19 cases, 3 new deaths",https://www.oregon.gov/oha/ERD/pages/Oregon-reports-171-new-confirmed-and-presumptive-COVID-19-cases-3-new-deaths.aspx,134,releases/134__6-24-2020.html
6/25/2020,"Oregon reports 124 new confirmed and presumptive COVID-19 cases, 2 new deaths",https://www.oregon.gov/oha/ERD/Pages/OregonReports124NewConfirmedAndPresumptiveCOVID19Cases2NewDeaths.aspx,135,releases/135__6-25-2020.html
6/26/2020,Newest modeling suggests considerable rise in COVID-19 transmission,https://www.oregon.gov/oha/ERD/Pages/NewestModelingSuggestsConsiderableRiseInCOVID19Transmission.aspx,136,releases/136__6-26-2020.html
6/26/2020,"Oregon reports 250 new confirmed and presumptive COVID-19 cases, 5 new deaths",https://www.oregon.gov/oha/ERD/Pages/OregonReports250NewConfirmedAndPresumptiveCOVID19Cases5NewDeaths.aspx,137,releases/137__6-26-2020.html
6/27/2020,"Oregon reports 277 new confirmed and presumptive COVID-19 cases, 1 new death",https://www-auth.oregon.egov.com/oha/ERD/Pages/Oregon-reports-277-new-confirmed-and-presumptive-COVID-19-cases-1-new-death.aspx,138,releases/138__6-27-2020.html
6/28/2020,"Oregon reports 247 new confirmed and presumptive COVID-19 cases, 0 new deaths",https://www.oregon.gov/oha/ERD/Pages/Oregon-reports-247-new-confirmed-and-presumptive-COVID-19-cases-0-new-deaths.aspx,139,releases/139__6-28-2020.html
6/29/2020,"Oregon reports 146 new confirmed and presumptive COVID-19 cases, 2 new deaths",https://www.oregon.gov/oha/ERD/pages/Oregon-reports-146-new-confirmed-and-presumptive-COVID-19-cases-2-new-deaths-062920.aspx,140,releases/140__6-29-2020.html
6/30/2020,Evaluate before you celebrate to help stop the spread of COVID-19 this July 4th,http://oregon.gov/oha/ERD/Pages/Evaluate-before-you-celebrate-to-help-stop-the-spread-of-COVID-19-this-July-4th.aspx,141,releases/141__6-30-2020.html
6/30/2020,Oregon reports 181 new confirmed and presumptive COVID-19 cases 3 new deaths,http://oregon.gov/oha/ERD/Pages/Oregon-reports-181-new-confirmed-and-presumptive-COVID-19-cases-3-new-deaths.aspx,142,releases/142__6-30-2020.html
7/1/2020,"Oregon reports 281 new confirmed and presumptive COVID-19 cases, 1 new death",https://www.oregon.gov/oha/ERD/Pages/Oregon-reports-281-new-confirmed-and-presumptive-COVID-19-cases-1-new-death.aspx,143,releases/143__7-1-2020.html
7/2/2020,"Oregon reports 375 new confirmed and presumptive COVID-19 cases, 1 new death",https://www.oregon.gov/oha/ERD/Pages/Oregon-reports-375-new-confirmed-and-presumptive-COVID-19-cases-1-new-death.aspx,144,releases/144__7-2-2020.html
7/3/2020,"Oregon reports 344 new confirmed and presumptive COVID-19 cases, 0 new deaths; provides Watch List data",https://www.oregon.gov/oha/ERD/Pages/Oregon-reports-344-new-confirmed-and-presumptive-COVID-19-cases-0-new-deaths-provides-Watch-List-data.aspx,145,releases/145__7-3-2020.html
7/4/2020,"Oregon reports 303 new confirmed and presumptive COVID-19 cases, 4 new deaths",https://www.oregon.gov/oha/ERD/Pages/Oregon-reports-303-new-confirmed-and-presumptive-COVID-19-cases-4-new-deaths.aspx,146,releases/146__7-4-2020.html
7/5/2020,"Oregon reports 301 new confirmed and presumptive COVID-19 cases, 2 new deaths",https://www.oregon.gov/oha/ERD/Pages/Oregon-reports-301-new-confirmed-and-presumptive-COVID-19-cases-2-new-deaths.aspx,147,releases/147__7-5-2020.html
7/6/2020,"Oregon reports 168 new confirmed and presumptive COVID-19 cases, 0 new deaths",https://www.oregon.gov/oha/ERD/Pages/Oregon-reports-168-new-confirmed-and-presumptive-COVID-19-cases-0-new-deaths.aspx,148,releases/148__7-6-2020.html
7/7/2020,"Oregon reports 218 new confirmed and presumptive COVID-19 cases, 5 new deaths",https://www.oregon.gov/oha/ERD/Pages/Oregon-reports-219-new-confirmed-and-presumptive-COVID-19-cases-5-new-deaths.aspx,149,releases/149__7-7-2020.html
7/8/2020,"Oregon reports 217 new confirmed and presumptive COVID-19 cases, 4 new deaths",https://www.oregon.gov/oha/ERD/Pages/Oregon-reports-217-new-confirmed-and-presumptive-COVID-19-cases-4-new-deaths.aspx,150,releases/150__7-8-2020.html
7/9/2020,"Oregon reports 389 new confirmed and presumptive COVID-19 cases, 6 new deaths",https://www.oregon.gov/oha/ERD/Pages/Oregon-reports-389-new-confirmed-and-presumptive-COVID-19-cases-6-new-deaths.aspx,151,releases/151__7-9-2020.html
7/10/2020,"Oregon reports 275 new confirmed and presumptive COVID-19 cases, 2 new deaths",https://www.oregon.gov/oha/ERD/Pages/Oregon-reports-275-new-confirmed-and-presumptive-COVID-19-cases-2-new-deaths.aspx,152,releases/152__7-10-2020.html
7/11/2020,"Oregon reports 409 new confirmed and presumptive COVID-19 cases, no new deaths",https://www.oregon.gov/oha/ERD/Pages/Oregon-reports-409-new-confirmed-and-presumptive-COVID-19-cases-no-new-deaths.aspx,153,releases/153__7-11-2020.html
7/12/2020,"Oregon reports 332 new confirmed and presumptive COVID-19 cases, 2 new deaths",https://www.oregon.gov/oha/ERD/Pages/Oregon-reports-332-new-confirmed-and-presumptive-COVID-19-cases-2-new-deaths.aspx,154,releases/154__7-12-2020.html
7/13/2020,"Oregon reports 280 new confirmed and presumptive COVID-19 cases, 3 new deaths",https://www.oregon.gov/oha/ERD/Pages/OregonReports280NewConfirmedAndPresumptiveCOVID19Cases3NewDeaths.aspx,155,releases/155__7-13-2020.html
7/14/2020,"Oregon reports 380 new confirmed and presumptive COVID-19 cases, 7 new deaths",https://www.oregon.gov/oha/ERD/Pages/Oregon-reports-380-new-confirmed-and-presumptive-COVID-19-cases-7-new-deaths.aspx,156,releases/156__7-14-2020.html
7/15/2020,"Oregon reports 282 new confirmed and presumptive COVID-19 cases, 4 new deaths",https://www.oregon.gov/oha/ERD/Pages/Oregon-reports-282-new-confirmed-and-presumptive-COVID-19-cases-4-new-deaths.aspx,157,releases/157__7-15-2020.html
7/16/2020,"Oregon reports 437 new confirmed and presumptive COVID-19 cases, 2 new deaths",https://www.oregon.gov/oha/ERD/Pages/Oregon-reports-437-new-confirmed-and-presumptive-COVID-19-cases-2-new-deaths.aspx,158,releases/158__7-16-2020.html
7/17/2020,"Oregon reports 307 new confirmed and presumptive COVID-19 cases, 5 new deaths",https://www.oregon.gov/oha/ERD/Pages/Oregon-reports-307-new-confirmed-and-presumptive-COVID-19-cases-5-new-deaths.aspx,159,releases/159__7-17-2020.html
7/18/2020,"Oregon reports 353 new confirmed and presumptive COVID-19 cases, 3 new deaths",https://www.oregon.gov/oha/ERD/Pages/Oregon-reports-353-new-confirmed-and-presumptive-COVID-19-cases-3-new-deaths.aspx,160,releases/160__7-18-2020.html
7/19/2020,"Oregon reports 436 new confirmed and presumptive COVID-19 cases, 3 new deaths",https://www.oregon.gov/oha/ERD/Pages/Oregon-reports-436-new-confirmed-and-presumptive-COVID-19-cases-3-new-deaths.aspx,161,releases/161__7-19-2020.html
7/20/2020,"Oregon reports 277 new confirmed and presumptive COVID-19 cases, 2 new deaths",https://www.oregon.gov/oha/ERD/Pages/Oregon-reports-277-new-confirmed-and-presumptive-COVID-19-cases-2-new-deaths.aspx,162,releases/162__7-20-2020.html
7/21/2020,OHA Announces New Online Testing Locator,https://www.oregon.gov/oha/ERD/Pages/OHA-Announces-New-Online-Testing-Locator.aspx,163,releases/163__7-21-2020.html
7/21/2020,OHA anuncia nuevo localizador de pruebas de COVID-19 en línea,https://www.oregon.gov/oha/ERD/Pages/OHA-anuncia-nuevo-localizador-de-pruebas-de-COVID-19-en-linea.aspx,164,releases/164__7-21-2020.html
7/21/2020,"Oregon reports 299 new confirmed and presumptive COVID-19 cases, 7 new deaths",https://www.oregon.gov/oha/ERD/Pages/Oregon-reports-299-new-confirmed-and-presumptive-COVID-19-cases-7-new-deaths.aspx,165,releases/165__7-21-2020.html
7/22/2020,Contractors sought to support COVID-19 testing at long-term care facilities,https://www.oregon.gov/oha/ERD/Pages/Contractors-sought-to-support-COVID-19-testing-at-long-term-care-facilities.aspx,166,releases/166__7-22-2020.html
7/22/2020,OHA Announces New Mask Requirements Website,https://www.oregon.gov/oha/ERD/Pages/OHA-Announces-New-Mask-Requirements-Website.aspx,167,releases/167__7-22-2020.html
7/22/2020,"Oregon reports 264 new confirmed and presumptive COVID-19 cases, 2 new deaths",https://www.oregon.gov/oha/ERD/Pages/Oregon-reports-264-new-confirmed-and-presumptive-COVID-19-cases-2-new-deaths.aspx,168,releases/168__7-22-2020.html
7/23/2020,"OHA funds more than 170 community groups to support contact tracing, outreach and other efforts to combat COVID-19",https://www.oregon.gov/oha/ERD/Pages/OHA-funds-170-community-groups-support-contact-tracing-outreach-combat-COVID-19.aspx,169,releases/169__7-23-2020.html
7/23/2020,"Oregon reports 331 new confirmed and presumptive COVID-19 cases, 2 new deaths",https://www.oregon.gov/oha/ERD/Pages/Oregon-reports-331-new-confirmed-presumptive-COVID-19-cases-2-new-deaths.aspx,170,releases/170__7-23-2020.html
7/24/2020,"Oregon reports 396 new confirmed and presumptive COVID-19 cases, 9 new deaths",https://www.oregon.gov/oha/ERD/Pages/OregonReports396NewConfirmedAndPresumptiveCOVID19Cases9NewDeaths.aspx,171,releases/171__7-24-2020.html
7/25/2020,"Oregon reports 408 new confirmed and presumptive COVID-19 cases, 4 new deaths",https://oregon.gov/oha/ERD/Pages/Oregon-reports-408-new-confirmed-and-presumptive-COVID-19-cases-4-new-deaths.aspx,172,releases/172__7-25-2020.html
7/26/2020,"Oregon reports 277 new confirmed and presumptive COVID-19 cases, 3 new deaths",https://oregon.gov/oha/ERD/pages/Oregon-reports-277-new-confirmed-and-presumptive-COVID-19-cases-3-new-deaths.aspx,173,releases/173__7-26-2020.html
7/27/2020,"Oregon reports 340 new confirmed and presumptive COVID-19 cases, 0 new deaths",https://www.oregon.gov/oha/ERD/Pages/Oregon-reports-340-new-confirmed-and-presumptive-COVID-19-cases-0-new-deaths.aspx,174,releases/174__7-27-2020.html
7/28/2020,"Oregon reports 342 new confirmed and presumptive COVID- 19 cases, 14 new deaths",https://www.oregon.gov/oha/ERD/Pages/Oregon-reports-342-new-confirmed-and-presumptive-COVID--19-cases-14-new-deaths.aspx,175,releases/175__7-28-2020.html
7/29/2020,"Oregon reports 304 new confirmed and presumptive COVID-19 cases, 8 new deaths",https://www.oregon.gov/oha/ERD/Pages/Oregon-reports-304-new-confirmed-and-presumptive-COVID-19-cases-8-new-deaths.aspx,176,releases/176__7-29-2020.html
7/30/2020,"Oregon reports 416 new confirmed and presumptive COVID-19 cases, 5 new deaths",https://www.oregon.gov/oha/ERD/Pages/Oregon-reports-416-new-confirmed-and-presumptive-COVID-19-cases-5-new-deaths.aspx,177,releases/177__7-30-2020.html
7/31/2020,"Oregon reports 373 new confirmed and presumptive COVID-19 cases, 6 new deaths",https://www.oregon.gov/oha/ERD/Pages/Oregon-reports-373-new-confirmed-and-presumptive-COVID-19-cases-6-new-deaths.aspx,178,releases/178__7-31-2020.html
8/1/2020,"Oregon reports 330 new confirmed and presumptive COVID-19 cases, 3 new deaths",https://www.oregon.gov/oha/ERD/Pages/Oregon-reports-330-new-confirmed-and-presumptive-COVID-19-cases-3-new-deaths.aspx,179,releases/179__8-1-2020.html
8/2/2020,"Oregon reports 285 new confirmed and presumptive COVID-19 cases, 1 new death",https://www.oregon.gov/oha/ERD/Pages/Oregon-reports-285-new-confirmed-and-presumptive-COVID-19-cases-1-new-death.aspx,180,releases/180__8-2-2020.html
8/3/2020,OHA Releases COVID-19 Weekly Testing Summary,https://www.oregon.gov/oha/ERD/Pages/OHA-Releases-Weekly-Testing-Summary-for-July-26-August-1-2020.aspx,181,releases/181__8-3-2020.html
8/3/2020,"Oregon reports 272 new confirmed and presumptive COVID-19 cases, 2 new deaths",https://www.oregon.gov/oha/ERD/Pages/Oregon-reports-272-new-confirmed-and-presumptive-COVID-19-cases-2-new-deaths.aspx,182,releases/182__8-3-2020.html
8/4/2020,"Oregon reports 342 new confirmed and presumptive COVID-19 cases, 5 new deaths",https://www.oregon.gov/oha/ERD/Pages/Oregon-reports-342-new-confirmed-and-presumptive-COVID-19-cases-5-new-deaths.aspx,183,releases/183__8-4-2020.html
8/5/2020,"Oregon reports 299 new confirmed and presumptive COVID-19 cases, 5 new deaths",https://www.oregon.gov/oha/ERD/Pages/Oregon-reports-299-new-confirmed-and-presumptive-COVID-19-cases-5-new-deaths.aspx,184,releases/184__8-5-2020.html
8/6/2020,"Oregon reports 267 new confirmed and presumptive COVID-19 cases, 1 new death",https://www.oregon.gov/oha/ERD/Pages/Oregon-reports-267-new-confirmed-and-presumptive-COVID-19-cases-1-new-death.aspx,185,releases/185__8-6-2020.html
8/7/2020,"Oregon reports 423 new confirmed and presumptive COVID-19 cases, 9 new deaths",https://www.oregon.gov/oha/ERD/Pages/Oregon-reports-423-new-confirmed-and-presumptive-COVID-19-cases-9-new-deaths.aspx,186,releases/186__8-7-2020.html
8/8/2020,"Oregon reports 376 new confirmed and presumptive COVID-19 cases, 7 new deaths",https://www.oregon.gov/oha/ERD/Pages/Oregon_reports_376_new_confirmed_presumptive_COVID-19_cases_7_new_deaths.aspx,187,releases/187__8-8-2020.html
8/9/2020,"Oregon reports 263 new confirmed and presumptive COVID-19 cases, 1 new death",https://www.oregon.gov/oha/ERD/Pages/Oregon-reports-263-new-confirmed-presumptive-COVID-19-cases-1-new-death.aspx,188,releases/188__8-9-2020.html
8/10/2020,OHA Releases COVID-19 Weekly Testing Summary,https://www.oregon.gov/oha/ERD/Pages/OHA-Releases-Weekly-Testing-Summary-August-10-2020.aspx,189,releases/189__8-10-2020.html
8/10/2020,"Oregon reports 227 new confirmed and presumptive COVID-19 cases, 1 new death",https://www.oregon.gov/oha/ERD/Pages/Oregon-reports-227-new-confirmed-and-presumptive-COVID-19-cases-1-new-death.aspx,190,releases/190__8-10-2020.html
8/11/2020,"Oregon reports 302 new confirmed and presumptive COVID-19 cases, 11 new deaths",https://www.oregon.gov/oha/ERD/Pages/Oregon-reports-302-new-confirmed-and-presumptive-COVID-19-cases-11-new-deaths.aspx,191,releases/191__8-11-2020.html
8/12/2020,"Oregon reports 258 new confirmed and presumptive COVID-19 cases, 7 new deaths",https://www.oregon.gov/oha/ERD/Pages/Oregon-reports-258-new-confirmed-and-presumptive-COVID-19-cases-7-new-deaths.aspx,192,releases/192__8-12-2020.html
8/13/2020,"Oregon reports 294 new confirmed and presumptive COVID-19 cases, 8 new deaths",https://www.oregon.gov/oha/ERD/Pages/Oregon-reports-294-new-confirmed-and-presumptive-COVID-19-cases-8-new-deaths.aspx,193,releases/193__8-13-2020.html
8/14/2020,"1% of Oregonians have evidence of COVID-19 exposure, study finds",https://www.oregon.gov/oha/ERD/Pages/1PercentOregoniansHaveEvidenceCOVID19ExposureStudyFinds.aspx,194,releases/194__8-14-2020.html
8/14/2020,Oregon reports 323 new confirmed and presumptive COVID-19 cases 2 new deaths,https://www.oregon.gov/oha/ERD/pages/Oregon-reports-323-new-confirmed-and-presumptive-COVID-19-cases-2-new-deaths.aspx,195,releases/195__8-14-2020.html
8/15/2020,"Oregon reports 412 new confirmed and presumptive COVID-19 cases, 1 new death",https://www.oregon.gov/oha/ERD/Pages/Oregon-reports-412-new-confirmed-and-presumptive-COVID-19-cases-1-new-death.aspx,196,releases/196__8-15-2020.html
8/16/2020,"Oregon reports 252 new confirmed and presumptive COVID-19 cases, 2 new deaths",https://www.oregon.gov/oha/ERD/Pages/Oregon-reports-252-new-confirmed-and-presumptive-COVID-19-cases-2-new-deaths.aspx,197,releases/197__8-16-2020.html
8/17/2020,"Oregon reports 192 new confirmed and presumptive COVID-19 cases, no new deaths",https://www.oregon.gov/oha/ERD/Pages/Oregon-reports-192-new-confirmed-and-presumptive-COVID-19-cases-no-new-deaths.aspx,198,releases/198__8-17-2020.html
8/17/2020,OHA Releases Weekly Testing Report,https://www.oregon.gov/oha/ERD/Pages/Weekly-Testing-Summary-August-17-2020.aspx,199,releases/199__8-17-2020.html
8/18/2020,OHA Announces Health Equity Grant Applications Open to Support Communities Hardest Hit by COVID-19,https://www.oregon.gov/oha/ERD/Pages/OHA-Announces-Health-Equity-Grant-Applications-Open-Support-Communities-Hardest-Hit-COVID-19.aspx,200,releases/200__8-18-2020.html
8/18/2020,"Oregon reports 237 new confirmed and presumptive COVID-19 cases, 9 new deaths",https://www.oregon.gov/oha/ERD/Pages/Oregon-reports-237-new-confirmed-and-presumptive-COVID-19-cases-9-new-deaths.aspx,201,releases/201__8-18-2020.html
8/19/2020,"Oregon reports 203 new confirmed and presumptive COVID-19 cases, 11 new deaths",https://www.oregon.gov/oha/ERD/Pages/Oregon-reports-203-new-confirmed-and-presumptive-COVID-19-cases-11-new-deaths.aspx,202,releases/202__8-19-2020.html
8/20/2020,"Oregon reports 301 new confirmed and presumptive COVID-19 cases, 4 new deaths",https://www.oregon.gov/oha/ERD/Pages/Oregon-reports-301-new-confirmed-and-presumptive-COVID-19-cases-4-new-deaths.aspx,203,releases/203__8-20-2020.html
8/21/2020,"Oregon reports 259 new confirmed and presumptive COVID-19 cases, 2 new deaths",https://www.oregon.gov/oha/ERD/Pages/Oregon-reports-259-new-confirmed-and-presumptive-COVID-19-cases-2-new-deaths.aspx,204,releases/204__8-21-2020.html
8/22/2020,"Oregon reports 302 new confirmed and presumptive COVID-19 cases, 3 new deaths",http://oregon.gov/oha/ERD/Pages/Oregon-reports-302-new-confirmed-and-presumptive-COVID-19-cases-3-new-deaths.aspx,205,releases/205__8-22-2020.html
8/23/2020,"Oregon reports 231 new confirmed and presumptive COVID-19 cases, 0 new deaths",http://oregon.gov/oha/erd/pages/Oregon-reports-231-new-confirmed-and-presumptive-COVID-19-cases-0-new-deaths.aspx,206,releases/206__8-23-2020.html
8/24/2020,OHA Releases Weekly Testing Report,https://www.oregon.gov/oha/ERD/Pages/OHA-Releases-Weekly-Testing-Report.aspx,207,releases/207__8-24-2020.html
8/24/2020,"Oregon reports 220 new confirmed and presumptive COVID-19 cases, 3 new deaths",https://www.oregon.gov/oha/ERD/Pages/Oregon-reports-220-new-confirmed-and-presumptive-COVID-19-cases-3-new-deaths.aspx,208,releases/208__8-24-2020.html
8/25/2020,"Oregon reports 247 new confirmed and presumptive COVID-19 cases, 7 new deaths",https://www.oregon.gov/oha/ERD/Pages/Oregon-reports-247-new-confirmed-and-presumptive-COVID-19-cases-7-new-deaths.aspx,209,releases/209__8-25-2020.html
8/26/2020,COVID-19 cases declined last week,https://www.oregon.gov/oha/ERD/Pages/COVID19CasesDeclinedLastWeek.aspx,210,releases/210__8-26-2020.html
8/26/2020,"Oregon reports 222 new confirmed and presumptive COVID-19 cases, 6 new deaths",https://www.oregon.gov/oha/ERD/Pages/Oregon-reports-222-new-confirmed-and-presumptive-COVID-19-cases-6-new-deaths.aspx,211,releases/211__8-26-2020.html
8/27/2020,"Oregon reports 212 new confirmed and presumptive COVID-19 cases, 5 new deaths",https://www.oregon.gov/oha/ERD/Pages/Oregon-reports-212-new-confirmed-and-presumptive-COVID-19-cases-5-new-deaths.aspx,212,releases/212__8-27-2020.html
8/28/2020,"Oregon reports 301 new confirmed and presumptive COVID-19 cases, 9 new deaths",https://www.oregon.gov/oha/ERD/Pages/Oregon-reports-301-new-confirmed-and-presumptive-COVID-19-cases-9-new-deaths.aspx,213,releases/213__8-28-2020.html
8/29/2020,"Oregon reports 252 new confirmed and presumptive COVID-19 cases, 7 new deaths",https://www.oregon.gov/oha/ERD/Pages/Oregon-reports-252-new-confirmed-and-presumptive-COVID-19-cases-7-new-deaths.aspx,214,releases/214__8-29-2020.html
8/30/2020,"Oregon reports 269 new confirmed and presumptive COVID-19 cases, 4 new deaths",https://www.oregon.gov/oha/ERD/Pages/Oregon-reports-269-new-confirmed-and-presumptive-COVID-19-cases-4-new-deaths.aspx,215,releases/215__8-30-2020.html
8/31/2020,OHA Releases Weekly Testing Summary,https://www.oregon.gov/oha/ERD/Pages/OHA-Releases-Weekly-Testing-Summary-August-2020.aspx,216,releases/216__8-31-2020.html
8/31/2020,"Oregon reports 162 new confirmed and presumptive COVID-19 cases, 1 new death",https://www.oregon.gov/oha/ERD/Pages/Oregon-reports-162-new-confirmed-and-presumptive-COVID-19-cases-1-new-death.aspx,217,releases/217__8-31-2020.html
9/1/2020,"Oregon reports 243 new confirmed and presumptive COVID-19 cases, 6 new deaths",https://www.oregon.gov/oha/ERD/Pages/Oregon-reports-243-new-confirmed-and-presumptive-COVID-19-cases-6-new-deaths.aspx,218,releases/218__9-1-2020.html
9/2/2020,"Oregon reports 140 new confirmed and presumptive COVID-19 cases, 3 new deaths",https://www.oregon.gov/oha/ERD/Pages/Oregon-reports-140-new-confirmed-and-presumptive-COVID-19-cases-3-new-deaths.aspx,219,releases/219__9-2-2020.html
9/3/2020,"Oregon reports 274 new confirmed and presumptive COVID-19 cases, 3 new deaths",http://oregon.gov/oha/erd/pages/Oregon-reports-274-new-confirmed-and-presumptive-COVID-19-cases-3-new-deaths.aspx,220,releases/220__9-3-2020.html
9/4/2020,"Oregon reports 268 new confirmed and presumptive COVID-19 cases, five new deaths",https://www.oregon.gov/oha/ERD/Pages/Oregon-reports-268-new-confirmed-and-presumptive-COVID-19-cases-five-new-deaths.aspx,221,releases/221__9-4-2020.html
9/5/2020,"Oregon reports 261 new confirmed and presumptive COVID-19 cases, 5 new deaths",https://www.oregon.gov/oha/ERD/Pages/Oregon-reports-261-new-confirmed-presumptive-COVID-19-cases-5-new-deaths.aspx,222,releases/222__9-5-2020.html
9/6/2020,"Oregon reports 190 new confirmed and presumptive COVID-19 cases, 1 new death",https://www.oregon.gov/oha/ERD/Pages/Oregon-reports-190-new-confirmed-presumptive-COVID-19-cases-1-new-death.aspx,223,releases/223__9-6-2020.html
9/7/2020,"Oregon reports 154 new confirmed and presumptive COVID-19 cases, 1 new death",https://www.oregon.gov/oha/ERD/Pages/Oregon-reports-154-new-confirmed-presumptive-COVID-19-cases-1-new-death.aspx,224,releases/224__9-7-2020.html
9/8/2020,OHA Releases Weekly Testing Summary,https://www.oregon.gov/oha/ERD/Pages/OHA-Releases-Weekly-Testing-Summary-9-8-2020.aspx,225,releases/225__9-8-2020.html
9/8/2020,"Oregon reports 169 new confirmed and presumptive COVID-19 cases, 4 new deaths",https://www.oregon.gov/oha/ERD/Pages/Oregon-reports-169-new-confirmed-and-presumptive-COVID-19-cases-4-new-deaths.aspx,226,releases/226__9-8-2020.html
9/9/2020,"Oregon reports 125 new confirmed and presumptive COVID-19 cases, 8 new deaths",https://www.oregon.gov/oha/ERD/Pages/Oregon-reports-125-new-confirmed-and-presumptive-COVID-19-cases-8-new-deaths.aspx,227,releases/227__9-9-2020.html
9/10/2020,"Oregon reports 187 new confirmed and presumptive COVID-19 cases, 3 new deaths",https://www.oregon.gov/oha/ERD/Pages/Oregon-reports-187-new-confirmed-and-presumptive-COVID-19-cases-3-new-deaths.aspx,228,releases/228__9-10-2020.html
9/11/2020,"Oregon reports 215 new confirmed and presumptive COVID-19 cases, 2 new deaths",https://www.oregon.gov/oha/ERD/Pages/Oregon-reports-215-new-confirmed-and-presumptive-COVID-19-cases-2-new-deaths.aspx,229,releases/229__9-11-2020.html
9/12/2020,"Oregon reports 293 new confirmed and presumptive COVID-19 cases, 6 new deaths",https://www.oregon.gov/oha/ERD/Pages/Oregon-reports-293-new-confirmed-and-presumptive-COVID-19-cases-6-new-deaths.aspx,230,releases/230__9-12-2020.html
9/13/2020,"Oregon reports 185 new confirmed and presumptive COVID-19 cases, 5 new deaths",https://www.oregon.gov/oha/ERD/Pages/Oregon-reports-185-new-confirmed-and-presumptive-COVID-19-cases-5-new-deaths.aspx,231,releases/231__9-13-2020.html
9/14/2020,OHA Releases Weekly Testing Summary,https://www.oregon.gov/oha/ERD/Pages/OHA-Releases-Weekly-Testing-Summary-09-14-2020.aspx,232,releases/232__9-14-2020.html
9/14/2020,"Oregon reports 151 new confirmed and presumptive COVID-19 cases, 2 new deaths",https://www.oregon.gov/oha/ERD/Pages/Oregon-reports-151-new-confirmed-and-presumptive-COVID-19-cases-2-new-deaths.aspx,233,releases/233__9-14-2020.html
9/15/2020,"Oregon reports 184 new confirmed and presumptive COVID-19 cases, 8 new deaths",https://www.oregon.gov/oha/ERD/Pages/Oregon-reports-184-new-confirmed-and-presumptive-COVID-19-cases-8-new-deaths.aspx,234,releases/234__9-15-2020.html
9/16/2020,OHA Releases Updated Data on Certain Deaths,https://www.oregon.gov/oha/ERD/Pages/OHA-Releases-Updated-Data-on-Certain-Deaths.aspx,235,releases/235__9-16-2020.html
9/16/2020,OHA’s Weekly Report Shows Declining Case Count Trend,https://www.oregon.gov/oha/ERD/Pages/OHA-Weekly-Report-Shows-Declining-Case-Count-Trend.aspx,236,releases/236__9-16-2020.html
9/16/2020,"Oregon reports 195 new confirmed and presumptive COVID-19 cases, 2 new deaths",https://www.oregon.gov/oha/ERD/Pages/Oregon-reports-195-new-confirmed-and-presumptive-COVID-19-cases-2-new-deaths.aspx,237,releases/237__9-16-2020.html
9/17/2020,"Oregon reports 215 new confirmed and presumptive COVID-19 cases, 0 new deaths",https://www.oregon.gov/oha/ERD/Pages/Oregon-reports-215-new-confirmed-and-presumptive-COVID-19-cases-0-new-deaths.aspx,238,releases/238__9-17-2020.html
9/18/2020,"Oregon reports 295 new confirmed and presumptive COVID-19 cases, 0 new deaths",https://www.oregon.gov/oha/ERD/Pages/Oregon-reports-295-new-confirmed-and-presumptive-COVID-19-cases-0-new-deaths.aspx,239,releases/239__9-18-2020.html
9/19/2020,"Oregon reports 266 new confirmed and presumptive COVID-19 cases, 5 new deaths",https://www.oregon.gov/oha/ERD/Pages/Oregon-reports-266-new-confirmed-and-presumptive-COVID-19-cases-5-new-deaths.aspx,240,releases/240__9-19-2020.html
9/20/2020,"Oregon reports 208 new confirmed and presumptive COVID-19 cases, 1 new death",https://www.oregon.gov/oha/ERD/Pages/Oregon-reports-208-new-confirmed-and-presumptive-COVID-19-cases-1-new-death.aspx,241,releases/241__9-20-2020.html
9/21/2020,"Oregon reports 201 new confirmed and presumptive COVID-19 cases, 3 new deaths",https://www.oregon.gov/oha/ERD/Pages/Oregon-reports-201-new-confirmed-and-presumptive-COVID-19-cases-3-new-deaths.aspx,242,releases/242__9-21-2020.html
9/22/2020,"Oregon reports 328 new confirmed and presumptive COVID-19 cases, 3 new deaths",https://www.oregon.gov/oha/ERD/Pages/Oregon-reports-328-new-confirmed-and-presumptive-COVID-19-cases-3-new-deaths.aspx,243,releases/243__9-22-2020.html
9/23/2020,"Oregon reports 193 new confirmed and presumptive COVID-19 cases, 6 new deaths",https://www.oregon.gov/oha/ERD/Pages/Oregon-reports-193-new-confirmed-and-presumptive-COVID-19-cases-6-new-deaths.aspx,244,releases/244__9-23-2020.html
9/24/2020,"Oregon reports 382 new confirmed and presumptive COVID-19 cases, 2 new deaths",https://www.oregon.gov/oha/ERD/Pages/Oregon-reports-382-new-confirmed-and-presumptive-COVID-19-cases-2-new-deaths.aspx,245,releases/245__9-24-2020.html
9/25/2020,OHA announces health equity grant awards,https://www.oregon.gov/oha/ERD/Pages/OHA-Announces-Health-Equity-Grant-Awards.aspx,246,releases/246__9-25-2020.html
9/25/2020,"OHA launches behavioral health helpline, outreach campaign to support Oregonians’ mental, emotional health needs",https://www.oregon.gov/oha/ERD/Pages/OHALaunchesBehavioralHealthHelplineOutreachCampaign.aspx,247,releases/247__9-25-2020.html
9/25/2020,"Oregon reports 457 new confirmed and presumptive COVID-19 cases, 3 new deaths",https://www.oregon.gov/oha/ERD/Pages/Oregon-reports-457-new-confirmed-and-presumptive-COVID-19-cases-3-new-deaths.aspx,248,releases/248__9-25-2020.html
9/26/2020,"Oregon reports 277 new confirmed and presumptive COVID-19 cases, 4 new deaths",https://www.oregon.gov/oha/ERD/Pages/Oregon-reports-277-new-confirmed-and-presumptive-COVID-19-cases-4-new-deaths.aspx,249,releases/249__9-26-2020.html
9/27/2020,"Oregon reports 242 new confirmed and presumptive COVID-19 cases, 1 new death",https://www.oregon.gov/oha/ERD/Pages/Oregon-reports-242-new-confirmed-presumptive-COVID-19-cases-1-new-death.aspx,250,releases/250__9-27-2020.html
9/28/2020,"Oregon reports 181 new confirmed and presumptive COVID-19 cases, no new deaths",https://www.oregon.gov/oha/ERD/Pages/Oregon-reports-181-new-confirmed-and-presumptive-COVID-19-cases-no-new-deaths.aspx,251,releases/251__9-28-2020.html
9/29/2020,"Oregon reports 299 new confirmed and presumptive COVID-19 cases, 8 new deaths",https://www.oregon.gov/oha/ERD/Pages/Oregon-reports-299-new-confirmed-and-presumptive-COVID-19-cases-8-new-deaths.aspx,252,releases/252__9-29-2020.html
9/30/2020,"Oregon reports 220 new confirmed and presumptive COVID-19 cases, 4 new deaths",https://www.oregon.gov/oha/ERD/Pages/Oregon-reports-220-new-confirmed-and-presumptive-COVID-19-cases-4-new-deaths.aspx,253,releases/253__9-30-2020.html
10/1/2020,OHA provides tips for a safe (but still spooky and fun) Halloween ,https://www.oregon.gov/oha/ERD/Pages/OHA-provides-tips-for-a-safe-(but-still-spooky-and-fun)-Halloween.aspx,254,releases/254__10-1-2020.html
10/1/2020,OHA to host town hall,https://www.oregon.gov/oha/ERD/Pages/OHA-to-host-town-hall.aspx,255,releases/255__10-1-2020.html
10/1/2020,"Oregon reports 363 new confirmed and presumptive COVID-19 cases, 1 new death",https://www.oregon.gov/oha/ERD/Pages/Oregon-reports-363-new-confirmed-and-presumptive-COVID-19-cases-1-new-death.aspx,256,releases/256__10-1-2020.html
10/2/2020,"Oregon reports 314 new confirmed and presumptive COVID-19 cases, 3 new deaths",https://www.oregon.gov/oha/ERD/Pages/Oregon-reports-314-new-confirmed-and-presumptive-COVID-19-cases-3-new-deaths.aspx,257,releases/257__10-2-2020.html
10/3/2020,"Oregon reports 360 new confirmed and presumptive COVID-19 cases, 8 new deaths",https://www.oregon.gov/oha/ERD/Pages/Oregon-reports-360-new-confirmed-and-presumptive-COVID-19-cases-8-new-deaths.aspx,258,releases/258__10-3-2020.html
10/4/2020,"Oregon reports 260 new confirmed and presumptive COVID-19 cases, 1 new death",https://www.oregon.gov/oha/ERD/Pages/Oregon-reports-260-new-confirmed-and-presumptive-COVID-19-cases-1-new-death.aspx,259,releases/259__10-4-2020.html
10/5/2020,"Oregon reports 288 new confirmed and presumptive COVID-19 cases, no new deaths",https://www.oregon.gov/oha/ERD/Pages/Oregon-reports-288-new-confirmed-and-presumptive-COVID-19-cases-no-new-deaths.aspx,260,releases/260__10-5-2020.html
10/6/2020,Major testing increase will bolster Oregon’s strategy to contain COVID-19,https://www.oregon.gov/oha/ERD/Pages/Major-testing-increase-will-bolster-Oregon-strategy-to-contain-COVID-19.aspx,261,releases/261__10-6-2020.html
10/6/2020,"Oregon reports 301 new confirmed and presumptive COVID-19 cases, 9 new deaths",https://www.oregon.gov/oha/ERD/Pages/Oregon-reports-301-new-confirmed-and-presumptive-COVID-19-cases-9-new-deaths2.aspx,262,releases/262__10-6-2020.html
10/7/2020,OHA Weekly Report shows slight increase in new daily cases,https://www.oregon.gov/oha/ERD/Pages/OHA-Weekly-Report-shows-slight-increase-in-new-daily-cases.aspx,263,releases/263__10-7-2020.html
10/7/2020,"Oregon reports 305 new confirmed and presumptive COVID-19 cases, 2 new deaths",https://www.oregon.gov/oha/ERD/Pages/Oregon-reports-305-new-confirmed-and-presumptive-COVID-19-cases-2-new-deaths.aspx,264,releases/264__10-7-2020.html
10/8/2020,"Oregon reports 484 new confirmed and presumptive COVID-19 cases, 11 new deaths",https://www.oregon.gov/oha/ERD/Pages/Oregon-reports-484-new-confirmed-and-presumptive-COVID-19-cases-11-new-deaths.aspx,265,releases/265__10-8-2020.html
10/8/2020,Survey: Most state residents wear masks in public but some Oregonians say they continue to gather socially on a frequent basis,https://www.oregon.gov/oha/ERD/Pages/Survey-Most-state-residents-wear-masks-in-public-but-some-Oregonians-say-they-continue-to-gather-socially-on-a-frequent-basis.aspx,266,releases/266__10-8-2020.html
10/9/2020,OHA changes recovered cases reporting,https://www.oregon.gov/oha/ERD/Pages/OHA-changes-recovered-cases-reporting.aspx,267,releases/267__10-9-2020.html
10/9/2020,"Oregon reports 425 new confirmed and presumptive COVID-19 cases, 3 new deaths",https://www.oregon.gov/oha/ERD/Pages/Oregon-reports-425-new-confirmed-and-presumptive-COVID-19-cases-3-new-deaths.aspx,268,releases/268__10-9-2020.html
10/10/2020,"Oregon reports 409 new confirmed and presumptive COVID-19 cases, 2 new deaths",https://www.oregon.gov/oha/ERD/Pages/Oregon-reports-409-new-confirmed-and-presumptive-COVID-19-cases%2C-2-new-deaths.aspx,269,releases/269__10-10-2020.html
10/11/2020,"Oregon reports 337 new confirmed and presumptive COVID-19 cases, 0 new deaths",https://www.oregon.gov/oha/ERD/Pages/Oregon-reports-337-new-confirmed-and-presumptive-COVID-19-cases%2c-0-new-deaths.aspx,270,releases/270__10-11-2020.html
10/12/2020,"Oregon reports 222 new confirmed and presumptive COVID-19 cases, 0 new deaths",https://www.oregon.gov/oha/ERD/Pages/OregonReports222NewConfirmedAndPresumptiveCOVID19Cases0NewDeaths.aspx,271,releases/271__10-12-2020.html
10/13/2020,"Oregon reports 321 new confirmed and presumptive COVID-19 cases, 6 new deaths",https://www.oregon.gov/oha/ERD/Pages/Oregon-reports-321-new-confirmed-and-presumptive-COVID-19-cases-6-new-deaths.aspx,272,releases/272__10-13-2020.html
10/14/2020,Flu shots more important than ever – don't wait to vaccinate!,https://www.oregon.gov/oha/ERD/Pages/Flu-shots-more-important-than-ever-dont-wait-to-vaccinate.aspx,273,releases/273__10-14-2020.html
10/14/2020,"Oregon reports 390 new confirmed and presumptive COVID-19 cases, 3 new deaths",https://www.oregon.gov/oha/ERD/Pages/Oregon-reports-390-new-confirmed-and-presumptive-COVID-19-cases-3-new-deaths.aspx,274,releases/274__10-14-2020.html
10/15/2020,First Oregon State Hospital patient tests positive for COVID-19,https://www.oregon.gov/oha/ERD/Pages/FirstOregonStateHospitalPatientTestsPositiveForCOVID-.aspx,275,releases/275__10-15-2020.html
10/15/2020,"Oregon reports 374 new confirmed and presumptive COVID-19 cases, 3 new deaths",https://www.oregon.gov/oha/ERD/Pages/Oregon-reports-374-new-confirmed-and-presumptive-COVID-19-cases-3-new-deaths.aspx,276,releases/276__10-15-2020.html
10/16/2020,"Oregon reports 418 new confirmed and presumptive COVID-19 cases, 6 new deaths",https://www.oregon.gov/oha/ERD/Pages/Oregon-reports-418-new-confirmed-and-presumptive-COVID-19-cases-6-new-deaths.aspx,277,releases/277__10-16-2020.html
10/17/2020,"Oregon reports 388 new confirmed and presumptive COVID-19 cases, 3 new deaths",https://www.oregon.gov/oha/ERD/Pages/OregonReports388NewConfirmedAndPresumptiveCOVID19Cases3NewDeaths.aspx,278,releases/278__10-17-2020.html
10/18/2020,"Oregon reports 220 new confirmed and presumptive COVID-19 cases, 0 new deaths",https://www.oregon.gov/oha/ERD/Pages/OregonReports220NewConfirmedAndPresumptiveCOVID19Cases0NewDeaths.aspx,279,releases/279__10-18-2020.html
10/19/2020,"Oregon reports 266 new confirmed and presumptive COVID-19 cases, 8 new deaths",https://www.oregon.gov/oha/ERD/Pages/Oregon-reports-266-new-confirmed-and-presumptive-COVID-19-cases-8-new-deaths.aspx,280,releases/280__10-19-2020.html
10/20/2020,"Oregon reports 346 new confirmed and presumptive COVID-19 cases, 6 new deaths",https://www.oregon.gov/oha/ERD/Pages/Oregon-reports-346-new-confirmed-and-presumptive-COVID-19-cases-6-new-deaths.aspx,281,releases/281__10-20-2020.html
10/21/2020,OHA reports slight drop in weekly cases,https://www.oregon.gov/oha/ERD/Pages/OHA-reports-slight-drop-in-weekly-cases.aspx,282,releases/282__10-21-2020.html
10/21/2020,"Oregon reports 331 new confirmed and presumptive COVID-19 cases, 2 new deaths",https://www.oregon.gov/oha/ERD/Pages/Oregon-reports-331-new-confirmed-and-presumptive-COVID-19-cases-2-new-deaths.aspx,283,releases/283__10-21-2020.html
10/22/2020,"Oregon reports 373 new confirmed and presumptive COVID-19 cases, 11 new deaths",https://www.oregon.gov/oha/ERD/Pages/Oregon-reports-373-new-confirmed-and-presumptive-COVID-19-cases-11-new-deaths.aspx,284,releases/284__10-22-2020.html
10/23/2020,"Oregon reports 550 new confirmed and presumptive COVID-19 cases, 3 new deaths",https://www.oregon.gov/oha/ERD/Pages/OregonReports550NewConfirmedAndPresumptiveCOVID19Cases3NewDeaths.aspx,285,releases/285__10-23-2020.html
10/24/2020,"Oregon reports 399 new confirmed and presumptive COVID-19 cases, 4 new deaths","https://www.oregon.gov/oha/ERD/Pages/Oregon-reports-399-new-confirmed-and-presumptive-COVID-19%20cases,%204%20new%20deaths.aspx",286,releases/286__10-24-2020.html
10/25/2020,"Oregon reports 366 new confirmed and presumptive COVID-19 cases, 0 new deaths",https://www.oregon.gov/oha/ERD/Pages/Oregon-reports-366-new-confirmed-and-presumptive-COVID-19-cases-0-new-deaths.aspx,287,releases/287__10-25-2020.html
10/26/2020,"Oregon reports 339 new confirmed and presumptive COVID-19 cases, 2 new deaths",https://www.oregon.gov/oha/ERD/Pages/Oregon-reports-339-new-confirmed-and-presumptive-COVID-19-cases-2-new-deaths.aspx,288,releases/288__10-26-2020.html
10/27/2020,OHA releases COVID-19 Wastewater monitoring data,https://www.oregon.gov/oha/ERD/Pages/OHA-releases-COVID-19-Wastewater-monitoring-data.aspx,289,releases/289__10-27-2020.html
10/27/2020,"Oregon reports 391 new confirmed and presumptive COVID-19 cases, 9 new deaths",https://www.oregon.gov/oha/ERD/Pages/Oregon-reports-391-new-confirmed-and-presumptive-COVID-19-cases-9-new-deaths.aspx,290,releases/290__10-27-2020.html
10/28/2020,OHA releases weekly report,https://www.oregon.gov/oha/ERD/Pages/OHA-releases-weekly-report-10-28-2020.aspx,291,releases/291__10-28-2020.html
10/28/2020,"Oregon reports 424 new confirmed and presumptive COVID-19 cases, 7 new deaths",https://www.oregon.gov/oha/ERD/Pages/Oregon-reports-424-new-confirmed-and-presumptive-COVID-19-cases-7-new-deaths.aspx,292,releases/292__10-28-2020.html
10/29/2020,Make safety part of your holiday celebrations,https://www.oregon.gov/oha/ERD/Pages/Make-safety-part-of-your-holiday-celebrations.aspx,293,releases/293__10-29-2020.html
10/29/2020,"Oregon reports 575 new confirmed and presumptive COVID-19 cases, 2 new deaths",https://www.oregon.gov/oha/ERD/Pages/Oregon-reports-575-new-confirmed-and-presumptive-COVID-19-cases-2-new-deaths.aspx,294,releases/294__10-29-2020.html
10/30/2020,"Oregon reports 600 new confirmed and presumptive COVID-19 cases, 2 new deaths",https://www.oregon.gov/oha/ERD/Pages/Oregon-reports-600-new-confirmed-and-presumptive-COVID-19-cases-2-new-deaths.aspx,295,releases/295__10-30-2020.html
10/31/2020,"Oregon reports 555 new confirmed and presumptive COVID-19 cases, 14 new deaths",https://www.oregon.gov/oha/ERD/Pages/Oregon-reports-555-new-confirmed-and-presumptive-COVID-19-cases-14-new-deaths.aspx,296,releases/296__10-31-2020.html
11/1/2020,"Oregon reports 524 new confirmed and presumptive COVID-19 cases, 2 new deaths",https://www.oregon.gov/oha/ERD/Pages/Oregon-reports-524-new-confirmed-and-presumptive-COVID-19-cases-2-new-deaths.aspx,297,releases/297__11-1-2020.html
11/2/2020,"Oregon reports 557 new confirmed and presumptive COVID-19 cases, 1 new death",https://www.oregon.gov/oha/ERD/Pages/Oregon-reports-557-new-confirmed-and-presumptive-COVID-19-cases-1-new-death.aspx,298,releases/298__11-2-2020.html
11/3/2020,"Oregon reports 495 new confirmed and presumptive COVID-19 cases, 9 new deaths",https://www.oregon.gov/oha/ERD/Pages/Oregon-reports-495-new-confirmed-and-presumptive-COVID-19-cases-9-new-deaths.aspx,299,releases/299__11-3-2020.html
11/4/2020,OHA posts highest weekly case count,https://www.oregon.gov/oha/ERD/Pages/OHA-posts-highest-weekly-case-count.aspx,300,releases/300__11-4-2020.html
11/4/2020,"Oregon reports 597 new confirmed and presumptive COVID-19 cases, 4 new deaths",https://www.oregon.gov/oha/ERD/Pages/Oregon-reports-597-new-confirmed-and-presumptive-COVID-19-cases-4-new-deaths.aspx,301,releases/301__11-4-2020.html
11/5/2020,"Oregon reports 805 new confirmed and presumptive COVID-19 cases, 5 new deaths",https://www.oregon.gov/oha/ERD/Pages/Oregon-reports-805-new-confirmed-and-presumptive-COVID-19-cases-5-new-deaths.aspx,302,releases/302__11-5-2020.html
11/6/2020,"Oregon reports 770 new confirmed and presumptive COVID-19 cases, 6 new deaths",https://www.oregon.gov/oha/ERD/Pages/Oregon-reports-770-new-confirmed-and-presumptive-COVID-19-cases-6-new-deaths.aspx,303,releases/303__11-6-2020.html
11/7/2020,"Oregon reports 988 new confirmed and presumptive COVID-19 cases, 13 new deaths",https://www.oregon.gov/oha/ERD/Pages/Oregon-reports-988-new-confirmed-and-presumptive-COVID-19-cases-13-new-deaths.aspx,304,releases/304__11-7-2020.html
11/8/2020,"Oregon reports 874 new confirmed and presumptive COVID-19 cases, 1 new death",http://www.oregon.gov/oha/ERD/Pages/Oregon-reports-874-new-confirmed-and-presumptive-COVID-19-cases-1-new-death.aspx,305,releases/305__11-8-2020.html
11/9/2020,"Oregon reports 723 new confirmed and presumptive COVID-19 cases, 4 new deaths",https://www.oregon.gov/oha/ERD/Pages/Oregon-reports-723-new-confirmed-and-presumptive-COVID-19-cases-4-new-deaths.aspx,306,releases/306__11-9-2020.html
11/10/2020,"Oregon reports 771 new confirmed and presumptive COVID-19 cases, 3 new deaths",https://www.oregon.gov/oha/ERD/Pages/Oregon-reports-771-new-confirmed-and-presumptive-COVID-19-cases-3-new-deaths.aspx,307,releases/307__11-10-2020.html
11/11/2020,"Oregon reports 876 new confirmed and presumptive COVID-19 cases, 5 new deaths",https://www.oregon.gov/oha/ERD/Pages/Oregon-reports-876-new-confirmed-and-presumptive-COVID-19-cases-5-new-deaths.aspx,308,releases/308__11-11-2020.html
11/12/2020,"Oregon reports 1,122 new confirmed and presumptive COVID-19 cases, 4 new deaths",https://www.oregon.gov/oha/ERD/Pages/Oregon-reports-1122-new-confirmed-and-presumptive-COVID-19-cases-4-new-deaths.aspx,309,releases/309__11-12-2020.html
11/13/2020,"Oregon reports 1,076 new confirmed and presumptive COVID-19 cases, 7 new deaths",https://www.oregon.gov/oha/ERD/Pages/Oregon-reports-1076-new-confirmed-and-presumptive-COVID-19-cases-7-new-deaths.aspx,310,releases/310__11-13-2020.html
11/14/2020,"Oregon reports 1,097 new confirmed and presumptive COVID-19 cases, 6 new deaths",https://www.oregon.gov/oha/ERD/Pages/Oregon-reports-1097-new-confirmed-presumptive-COVID-19-cases-6-new-deaths.aspx,311,releases/311__11-14-2020.html
11/15/2020,"Oregon reports 868 new confirmed and presumptive COVID-19 cases, 2 new deaths",https://www.oregon.gov/oha/ERD/Pages/Oregon-reports-868-new-confirmed-and-presumptive-COVID-19-cases-2-new-deaths.aspx,312,releases/312__11-15-2020.html
11/16/2020,"Oregon reports 781 new confirmed and presumptive COVID-19 cases, 4 new deaths",https://www.oregon.gov/oha/ERD/Pages/Oregon-reports-781-new-confirmed-and-presumptive-COVID-19-cases-4-new-deaths.aspx,313,releases/313__11-16-2020.html
11/17/2020,"Oregon reports 935 new confirmed and presumptive COVID-19 cases, 13 new deaths",https://www.oregon.gov/oha/ERD/Pages/Oregon-reports-935-new-confirmed-and-presumptive-COVID-19-cases-13-new-deaths.aspx,314,releases/314__11-17-2020.html
11/18/2020,"Oregon reports 1,099 new confirmed and presumptive COVID-19 cases, 10 new deaths",https://www.oregon.gov/oha/ERD/Pages/Oregon-reports-1099-new-confirmed-and-presumptive-COVID-19-cases-10-new-deaths.aspx,315,releases/315__11-18-2020.html
11/18/2020,Weekly cases and hospitalizations at record highs,https://www.oregon.gov/oha/ERD/Pages/Weekly-cases-and-hospitalizations-at-record-highs.aspx,316,releases/316__11-18-2020.html
11/19/2020,"Oregon reports 1225 new confirmed and presumptive COVID-19 cases, 20 new deaths",https://www.oregon.gov/oha/ERD/Pages/Oregon-reports-1225-new-confirmed-and-presumptive-COVID-19-cases-20-new-deaths.aspx,317,releases/317__11-19-2020.html
11/20/2020,"Oregon reports 1306 new confirmed and presumptive COVID-19 cases, 4 new deaths",https://www.oregon.gov/oha/ERD/Pages/Oregon-reports-1306-new-confirmed-and-presumptive-COVID-19-cases-4-new-deaths.aspx,318,releases/318__11-20-2020.html
11/21/2020,"Oregon reports 1509 new confirmed and presumptive COVID-19 cases, 7 new deaths",https://www.oregon.gov/oha/ERD/Pages/Oregon-reports-1509-new-confirmed-and-presumptive-COVID-19-cases-7-new-deaths.aspx,319,releases/319__11-21-2020.html
11/22/2020,"Oregon reports 1,517 new confirmed and presumptive COVID-19 cases, 1 new death",https://www.oregon.gov/oha/ERD/Pages/Oregon-reports-1517-new-confirmed-and-presumptive-COVID-19-cases-1-new-death.aspx,320,releases/320__11-22-2020.html
11/23/2020,"Oregon reports 1,174 new confirmed and presumptive COVID-19 cases, 6 new deaths",https://www.oregon.gov/oha/ERD/Pages/OregonReports1174NewConfirmedAndPresumptiveCOVID19Cases6NewDeaths.aspx,321,releases/321__11-23-2020.html
11/24/2020,"Oregon reports 1,011 new confirmed and presumptive COVID-19 cases, 21 new deaths",https://www.oregon.gov/oha/ERD/Pages/Oregon-reports-1011-new-confirmed-and-presumptive-COVID-19-cases-21-new-deaths.aspx,322,releases/322__11-24-2020.html
11/25/2020,"Oregon reports 1,189 new confirmed and presumptive COVID-19 cases, 20 new deaths",https://www.oregon.gov/oha/ERD/Pages/Oregon-reports-1189-new-confirmed-and-presumptive-COVID-19-cases-20-new-deaths.aspx,323,releases/323__11-25-2020.html
11/25/2020,"Weekly cases, hospitalizations set new pandemic highs",https://www.oregon.gov/oha/ERD/Pages/Weekly-cases-hospitalizations-set-new-pandemic-highs.aspx,324,releases/324__11-25-2020.html
11/26/2020,"Oregon reports 1,514 new confirmed and presumptive COVID-19 cases, 15 new deaths",https://www.oregon.gov/oha/ERD/Pages/Oregon-reports-1514-new-confirmed-and-presumptive-COVID-19-cases-15-new-deaths.aspx,325,releases/325__11-26-2020.html
11/27/2020,"Oregon reports 826 new confirmed and presumptive COVID-19 cases, 3 new deaths",https://www.oregon.gov/oha/ERD/Pages/Oregon-reports-826-new-confirmed-and-presumptive-COVID-19-cases-3-new-deaths.aspx,326,releases/326__11-27-2020.html
